Book Id,Title,Author,Author l-f,Additional Authors,ISBN,ISBN13,My Rating,Publisher,Binding,Number of Pages,Year Published,Original Publication Year,Date Read,Date Added,Bookshelves,Bookshelves with positions,Exclusive Shelf,My Review,Spoiler,Private Notes,Read Count,Owned Copies
37485950,Reinventing Your Life: The Breakthough Program to End Negative Behavior...and Feel Great Again,Jeffrey E. Young,"Young, Jeffrey E.","Janet S. Klosko, Aaron T. Beck","=""1101667095""","=""9781101667095""",0,Plume,Kindle Edition,380,1994,1993,2026/07/12,2026/05/09,,,read,,,,1,0
112974860,How to Know a Person: The Art of Seeing Others Deeply and Being Deeply Seen,David  Brooks,"Brooks, David",,"=""059323006X""","=""9780593230084""",0,Random House,Kindle Edition,306,2023,2023,2026/07/10,2026/06/28,,,read,,,,1,0
61336,"Inside the Tornado: Strategies for Developing, Leveraging, and Surviving Hypergrowth Markets – Part Two of the Classic Marketing Series on Mainstream Customer Adoption (Collins Business Essentials)",Geoffrey A. Moore,"Moore, Geoffrey A.",,"=""0060745819""","=""9780060745813""",0,Harper Business,Paperback,272,2004,1995,,2026/07/05,to-read,to-read (#17),to-read,,,,0,0
4898,Blue Ocean Strategy: How to Create Uncontested Market Space and Make the Competition Irrelevant,W. Chan Kim,"Kim, W. Chan",Renée Mauborgne,"=""1591396190""","=""9781591396192""",0,Harvard Business Review Press,Hardcover,240,2005,2005,,2026/07/05,to-read,to-read (#16),to-read,,,,0,0
18735846,The Innovator's Solution: Creating and Sustaining Successful Growth (Creating and Sustainability Successful Growth),Clayton,"Clayton, Clayton","Clayton M. Christensen, Michael, Michael E. Raynor","=""1422196585""","=""9781422196588""",0,Harvard Business Review Press,Kindle Edition,332,2013,2003,,2026/07/05,to-read,to-read (#15),to-read,,,,0,0
760025,Positioning: The Battle for Your Mind,Al Ries,"Ries, Al","Jack Trout, Philip Kotler","=""0071373586""","=""9780071373586""",0,McGraw Hill,Paperback,224,2000,1980,,2026/07/05,to-read,to-read (#14),to-read,,,,0,0
32816087,7 Powers: The Foundations of Business Strategy,Hamilton Wright Helmer,"Helmer, Hamilton Wright",,"=""0998116319""","=""9780998116310""",0,Hamilton Helmer,Paperback,210,2016,,,2026/07/05,to-read,to-read (#13),to-read,,,,0,0
567610,How to Read a Book: The Classic Guide to Intelligent Reading,Mortimer J. Adler,"Adler, Mortimer J.",Charles van Doren,"=""""","=""""",0,"Simon & Schuster, Inc",Paperback,442,1972,1940,,2026/06/28,,,read,,,,1,0
53343,On Writing Well: The Classic Guide to Writing Nonfiction,William Zinsser,"Zinsser, William",,"=""0060891548""","=""9780060891541""",0,Harper Perennial,Paperback,321,2006,1976,,2026/06/28,to-read,to-read (#12),to-read,,,,0,0
75665850,Clear Thinking: Turning Ordinary Moments into Extraordinary Results,Shane Parrish,"Parrish, Shane",,"=""0593086112""","=""9780593086124""",0,Portfolio,Kindle Edition,284,2023,2023,,2026/06/28,to-read,to-read (#11),to-read,,,,0,0
26783430,Unscalable,Charlie Guo,"Guo, Charlie",,"=""194175855X""","=""9781941758557""",0,Inkshares,Paperback,160,2016,2016,,2026/06/03,to-read,to-read (#10),to-read,,,,0,0
13234710,The Founder's Dilemmas: Anticipating and Avoiding the Pitfalls That Can Sink a Startup (The Kauffman Foundation Series on Innovation and Entrepreneurship),Noam Wasserman,"Wasserman, Noam",,"=""0691149135""","=""9780691149134""",0,Princeton University Press,Hardcover,480,2012,2011,,2026/05/24,to-read,to-read (#9),to-read,,,,0,0
19212216,The Confidence Gap: A Guide to Overcoming Fear and Self-Doubt,Russ Harris,"Harris, Russ",Steven Hayes,"=""0834827662""","=""9780834827660""",0,Trumpeter,Kindle Edition,274,2011,2010,,2026/05/09,currently-reading,currently-reading (#3),currently-reading,,,,1,0
122769148,The Madefor Method: A step-by-step guide designed by world-renowned experts to help you get better at being your best,Patrick Dossett,"Dossett, Patrick",,"=""""","=""""",0,,Kindle Edition,374,2023,,,2026/03/28,currently-reading,currently-reading (#2),currently-reading,,,,1,0
75403434,Sun and Steel,Yukio Mishima,"Mishima, Yukio",,"=""5067567449""","=""9785067567444""",0,Lyle Stuart,Kindle Edition,104,1970,1968,,2026/01/25,currently-reading,currently-reading (#1),currently-reading,,,,1,0
20346778,The Prince,Niccolò Machiavelli,"Machiavelli, Niccolò",W.K. Marriott,"=""1625396872""","=""9781625396877""",4.0,Waxkeep Publishing,Kindle Edition,184,2013,1513,2017/04/30,2017/01/23,to-read,to-read (#8),to-read,,,,1,0
19437999,The Untethered Soul: The Journey Beyond Yourself,Michael A. Singer,"Singer, Michael A.",,"=""1608820491""","=""9781608820498""",4.0,New Harbinger Publications,Kindle Edition,314,2007,2007,2026/01/26,2025/10/19,,,read,,,,1,0
50484473,Lives of the Stoics: The Art of Living from Zeno to Marcus Aurelius,Ryan Holiday,"Holiday, Ryan",Stephen Hanselman,"=""052554187X""","=""9780525541875""",4.0,Portfolio,Hardcover,352,2020,2020,,2023/08/23,,,read,,,,1,0
21182,The Wisdom of Life,Arthur Schopenhauer,"Schopenhauer, Arthur",T. Bailey Saunders,"=""0486435504""","=""9780486435503""",0,Dover Publications,Paperback,77,2004,1851,,2026/01/25,to-read,to-read (#7),to-read,,,,0,0
522465,The Art of Worldly Wisdom: A Pocket Oracle,Baltasar Gracián,"Gracián, Baltasar",Christopher Maurer,"=""0385421311""","=""9780385421317""",0,Doubleday,Hardcover,208,1992,1647,,2026/01/25,to-read,to-read (#6),to-read,,,,0,0
25700,The Theory of Moral Sentiments,Adam Smith,"Smith, Adam",,"=""0486452913""","=""9780486452913""",0,Dover Publications,Paperback,368,2006,1759,,2026/01/25,to-read,to-read (#5),to-read,,,,0,0
58117439,Dopamine Nation: Finding Balance in the Age of Indulgence,Anna Lembke MD,"MD, Anna Lembke",,"=""""","=""""",0,Dutton,Kindle Edition,297,2021,2021,2026/01/25,2025/05/18,,,read,,,,1,0
40126247,How to Think Like a Roman Emperor: The Stoic Philosophy of Marcus Aurelius,Donald J. Robertson,"Robertson, Donald J.",,"=""1250196639""","=""9781250196637""",5.0,St. Martin's Press,Kindle Edition,293,2019,2019,2025/12/31,2025/01/05,,,read,,,,1,0
2714607,The Ascent of Money: A Financial History of the World,Niall Ferguson,"Ferguson, Niall",,"=""1594201927""","=""9781594201929""",0,Penguin Press,Hardcover,442,2008,2007,,2024/11/28,,,read,,,,1,0
43536,Wooden: A Lifetime of Observations and Reflections On and Off the Court,John Wooden,"Wooden, John",Steve Jamison,"=""0809230410""","=""9780809230419""",0,McGraw-Hill,Hardcover,201,1997,1997,,2025/08/01,,,read,,,,1,0
55297149,"Working Backwards: Insights, Stories, and Secrets from Inside Amazon",Colin Bryar,"Bryar, Colin",Bill Carr,"=""1250267609""","=""9781250267603""",0,St. Martin's Press,Kindle Edition,304,2021,2021,2025/07/26,2025/03/23,,,read,,,,1,0
857333,The Art of Learning: A Journey in the Pursuit of Excellence,Josh Waitzkin,"Waitzkin, Josh",,"=""0743277457""","=""9780743277457""",4.0,Free Press,Hardcover,265,2007,2007,2025/06/24,2025/03/23,,,read,,,,1,0
53588649,Inner Excellence: Train Your Mind for Extraordinary Performance and the Best Possible Life,Jim     Murphy,"Murphy, Jim",,"=""1734654821""","=""9781734654820""",4.0,Inner Excellence Academy,Kindle Edition,362,2020,2009,,2025/05/18,,,read,,,,1,0
944652,Poor Charlie's Almanack: The Wit and Wisdom of Charles T. Munger,Charles T. Munger,"Munger, Charles T.",Peter E. Kaufman,"=""157864366X""","=""9781578643660""",0,Donning Co Pub,Hardcover,512,2006,2005,,2022/04/03,"investing, learning-plan","investing (#1), learning-plan (#6)",learning-plan,,,,0,0
48691943,The Great CEO Within: The Tactical Guide to Company Building,Matt Mochary,"Mochary, Matt",,"=""0578599295""","=""9780578599298""",0,Mochary Films,Kindle Edition,200,2019,,,2025/06/02,learning-plan,learning-plan (#5),learning-plan,,,,0,0
38606235,Subscribed: Why the Subscription Model Will Be Your Company's Future - and What to Do About It,Tien Tzuo,"Tzuo, Tien",Gabe Weisert,"=""0525536477""","=""9780525536475""",4.0,Portfolio,Kindle Edition,254,2018,2018,,2025/06/02,,,read,,,,1,0
123285097,The Adaptive Markets Hypothesis: An Evolutionary Approach to Understanding Financial System Dynamics (Clarendon Lectures in Finance),Andrew W. Lo,"Lo, Andrew W.",Ruixun Zhang,"=""0199681147""","=""9780199681143""",0,Oxford University Press,Hardcover,800,2024,,,2025/06/02,learning-plan,learning-plan (#4),learning-plan,,,,0,0
128429,Against the Gods: The Remarkable Story of Risk,Peter L. Bernstein,"Bernstein, Peter L.",,"=""0471295639""","=""9780471295631""",0,Wiley,Paperback,400,1998,1996,,2025/06/02,learning-plan,learning-plan (#3),learning-plan,,,,0,0
24582662,Neural Networks and Deep Learning,Michael Nielsen,"Nielsen, Michael",,"=""""","=""""",0,,ebook,224,2013,2013,,2025/06/02,learning-plan,learning-plan (#2),learning-plan,,,,0,0
10483171,The Beginning of Infinity: Explanations That Transform the World,David Deutsch,"Deutsch, David",,"=""0670022756""","=""9780670022755""",0,Viking,Hardcover,487,2011,2011,,2025/06/02,learning-plan,learning-plan (#1),learning-plan,,,,0,0
514210,The Way of Zen,Alan W. Watts,"Watts, Alan W.",,"=""0375705104""","=""9780375705106""",0,Vintage,Paperback,236,1999,,2025/05/03,2022/10/05,mindfulness-and-stoicism,mindfulness-and-stoicism (#3),read,,,,1,0
3023,Basic Economics: A Citizen's Guide to the Economy,Thomas Sowell,"Sowell, Thomas",,"=""0465081452""","=""9780465081455""",0,Basic Books,Hardcover,448,2003,2000,,2024/03/30,,,read,,,,1,0
53854507,The Quality of Madness: FULLY UPDATED,Tim Rich,"Rich, Tim",,"=""1529405025""","=""9781529405026""",3.0,Quercus,Kindle Edition,323,2020,,2025/04/17,2024/07/05,,,read,,,,1,0
58642436,The Status Game: On Human Life and How to Play It,Will Storr,"Storr, Will",,"=""0008354650""","=""9780008354657""",0,William Collins,Kindle Edition,437,2021,,2025/04/15,2025/02/23,,,read,,,,1,0
195348175,Effortless Being,David Bingham,"Bingham, David","Jessica Wood, Clelia Lewis","=""""","=""""",5.0,,Kindle Edition,77,2023,,2025/01/10,2025/01/10,,,read,,,,1,0
13588394,The Signal and the Noise: Why So Many Predictions Fail—But Some Don't,Nate Silver,"Silver, Nate",,"=""159420411X""","=""9781594204111""",0,Penguin,Hardcover,544,2012,2012,2024/12/07,2024/09/14,,,read,,,,1,0
34689843,Disciplined Entrepreneurship Workbook (Disciplined Entrepreneurship Series),Bill Aulet,"Aulet, Bill",,"=""""","=""""",5.0,Wiley,Kindle Edition,409,2017,2013,2020/12/17,2020/12/03,,,read,,,,1,0
44442944,"No Self, No Problem: How Neuropsychology Is Catching Up to Buddhism (The No Self Wisdom Series)",Chris Niebauer,"Niebauer, Chris",,"=""1938289978""","=""9781938289972""",4.0,Hierophant Publishing,Paperback,192,2019,2019,,2024/11/17,,,read,,,,1,0
39963165,Extreme Ownership: How U.S. Navy SEALs Lead and Win,Jocko Willink,"Willink, Jocko",Leif Babin,"=""""","=""""",3.0,St. Martin's Press,Kindle Edition,322,2017,2015,2024/11/17,2023/03/10,mindfulness-and-stoicism,mindfulness-and-stoicism (#6),read,,,,1,0
45723076,"The Source: A Transformative Guide to Unlocking Your Mind, Harnessing Neuroplasticity, and Manifesting Success Through the Power of the Law of Attraction",Tara Swart,"Swart, Tara",,"=""0062935755""","=""9780062935755""",1.0,HarperOne,Kindle Edition,288,2019,2019,2024/10/20,2024/09/26,,,read,,,,1,0
53685783,Valuation: Measuring and Managing the Value of Companies (Wiley Finance),McKinsey & Company Inc.,"Inc., McKinsey & Company","Tim Koller, Marc Goedhart, David Wessels","=""1119610923""","=""9781119610922""",0,Wiley,Kindle Edition,845,2020,2000,2022/11/26,2022/09/12,,,read,,,,1,0
204236330,On the Edge: The Art of Risking Everything,Nate Silver,"Silver, Nate",,"=""0593491637""","=""9780593491638""",5.0,Penguin Press,Kindle Edition,572,2024,2024,2024/09/01,2024/08/13,,,read,"<strong>Strong Introduction to “The River” and the Forces Shaping Our World Today</strong><br/><br/>I really enjoyed reading “On the Edge” and recommend it highly to others, irrespective of their interests, as it provides context for ongoing cultural wars and societal development. <br/><br/>Silver does an outstanding job of providing a tour of the “River” (Silver’s word for a section of society that effectively views the world through expected value calculations) as he sets out to do at the outset of the book. But more importantly, I found him to be measured in his praise and criticisms of it, which allowed for a more thorough examination of its component parts. <br/><br/>For some, this will be an articulation of beliefs and information that they inherently know. Yet, for others, this will represent an eye-opening account of how some of our society’s “different thinkers” view and engage with the world. <br/><br/>Following this book, I’m interested in a deeper exploration of how the River interacts with the “Village” (what Silver calls the “ideological” or “identitarian” section of society, often seen as left-leaning academics and “coastal elites”), as well as a breakdown of the Village into its component parts. Namely, I’d want to know whether the global rise of populism in the last 10-15 years might be more “Village”-ish than one would think. My working thesis is that right-wing populism is a direct descendant of the Village with similar fondness for ideology and absolutism, but without the gloss of academic backing. ",,,1,0
6766319,"Bond Markets, Analysis, and Strategies",Frank J. Fabozzi,"Fabozzi, Frank J.",,"=""0136078974""","=""9780136078975""",0,Pearson College Div,Hardcover,778,2009,1988,2024/07/22,2024/03/16,,,read,,,,1,0
3828902,Thinking In Systems: A Primer,Donella H. Meadows,"Meadows, Donella H.",Diana Wright,"=""1603580557""","=""9781603580557""",3.0,Chelsea Green Publishing,Paperback,218,2008,2008,2024/07/21,2024/07/08,,,read,,,,1,0
51877,Capitalism and Freedom,Milton Friedman,"Friedman, Milton",,"=""0226264211""","=""9780226264219""",0,University of Chicago Press,Paperback,208,2002,1962,2024/07/17,2024/04/10,,,read,,,,1,0
61354484,Meditations: A New Translation,Marcus Aurelius,"Aurelius, Marcus",Gregory Hays,"=""""","=""9798466327175""",5.0,,Paperback,,2021,180,,2023/07/29,,,read,,,,1,0
157095669,Hidden Potential: The Science of Achieving Greater Things,Adam M. Grant,"Grant, Adam M.",,"=""0593653149""","=""9780593653142""",4.0,Viking,Hardcover,304,2023,2023,2024/06/25,2023/11/20,,,read,,,,1,0
900979,"Management: Tasks, Responsibilities, Practices",Peter F. Drucker,"Drucker, Peter F.",,"=""0887306152""","=""9780887306150""",4.0,Harper Business,Paperback,864,1993,1985,2024/06/20,2024/04/15,,,read,,,,1,0
77920694,"The Fund: Ray Dalio, Bridgewater Associates, and the Unraveling of a Wall Street Legend",Rob Copeland,"Copeland, Rob",,"=""1250276934""","=""9781250276933""",4.0,St. Martin's Press,Hardcover,352,2023,2023,,2023/12/18,,,read,,,,1,0
13525945,So Good They Can't Ignore You: Why Skills Trump Passion in the Quest for Work You Love,Cal Newport,"Newport, Cal",,"=""1455509108""","=""9781455509102""",4.0,Business Plus,Kindle Edition,288,2012,2012,,2024/05/11,,,read,,,,1,0
76334,A New Earth: Awakening to Your Life's Purpose,Eckhart Tolle,"Tolle, Eckhart",,"=""0452287588""","=""9780452287587""",5.0,Plume,Paperback,316,2006,2005,,2023/05/07,mindfulness-and-stoicism,mindfulness-and-stoicism (#5),read,,,,1,0
57185177,The Socratic Method: A Practitioner's Handbook,Ward Farnsworth,"Farnsworth, Ward",,"=""1567926851""","=""9781567926859""",0,"David R. Godine, Publisher",Hardcover,243,2021,2021,2024/05/12,2022/06/25,mindfulness-and-stoicism,mindfulness-and-stoicism (#1),read,,,,1,0
56268989,"The Bond King: How One Man Made a Market, Built an Empire, and Lost it All",Mary  Childs,"Childs, Mary",,"=""1250120845""","=""9781250120847""",3.0,Flatiron Books,Hardcover,336,2022,2022,,2022/06/27,,,read,,,,1,0
25698,An Inquiry into the Nature and Causes of the Wealth of Nations,Adam Smith,"Smith, Adam","George J. Stigler, Edwin Cannan","=""0226763749""","=""9780226763743""",0,University Of Chicago Press,Paperback,1076,1977,1776,,2024/04/10,to-read,to-read (#4),to-read,,,,0,0
113576,The Smartest Guys in the Room: The Amazing Rise and Scandalous Fall of Enron,Bethany McLean,"McLean, Bethany",Peter Elkind,"=""1591840538""","=""9781591840534""",4.0,Portfolio Trade,Paperback,440,2004,2003,2024/04/10,2022/03/25,business,business (#1),read,,,,1,0
22337524,Value Proposition Design: How to Create Products and Services Customers Want,Alexander Osterwalder,"Osterwalder, Alexander","Yves Pigneur, Patricia Papadakos, Gregory Bernarda, Alan Smith, Nguyễn Thụy Khánh Chương","=""1118968077""","=""9781118968079""",0,Wiley,,290,2015,2013,,2024/03/30,,,read,,,,1,0
6708,The Power of Now: A Guide to Spiritual Enlightenment,Eckhart Tolle,"Tolle, Eckhart",,"=""""","=""""",5.0,New World Library,Paperback,229,2004,1997,,2023/03/12,mindfulness-and-stoicism,mindfulness-and-stoicism (#7),read,,,,1,0
149105520,Going Infinite: The Rise and Fall of a New Tycoon,Michael   Lewis,"Lewis, Michael",,"=""1324074337""","=""9781324074335""",3.0,W. W. Norton & Company,Hardcover,272,2023,2023,,2024/03/22,,,read,,,,1,0
1111,The Power Broker: Robert Moses and the Fall of New York,Robert A. Caro,"Caro, Robert A.",,"=""0394720245""","=""9780394720241""",4.0,Vintage Books,Paperback,1246,1975,1974,2024/03/22,2023/06/06,power-and-powerful-people,power-and-powerful-people (#2),read,,,,1,0
80571,American Prometheus: The Triumph and Tragedy of J. Robert Oppenheimer,Kai Bird,"Bird, Kai",Martin J. Sherwin,"=""""","=""""",0,Vintage Books,Paperback,721,2007,2005,,2024/02/25,to-read,to-read (#3),to-read,,,,0,0
59891634,Smart Brevity: The Power of Saying More with Less (Revised and Updated),Jim Vandehei,"Vandehei, Jim","Mike Allen, Roy       Schwartz","=""1523516976""","=""9781523516971""",4.0,Workman Publishing Company,Hardcover,224,2022,2022,,2024/02/17,,,read,,,,1,0
14572,Peace Is Every Step: The Path of Mindfulness in Everyday Life,Thich Nhat Hanh,"Hanh, Thich Nhat","Dalai Lama XIV, Arnold Kotler","=""0553351397""","=""9780553351392""",0,Bantam,Paperback,157,1992,1992,,2022/05/01,mindfulness-and-stoicism,mindfulness-and-stoicism (#4),read,,,,1,0
11021707,The Most Important Thing: Uncommon Sense for the Thoughtful Investor (Columbia Business School Publishing),Howard  Marks,"Marks, Howard",,"=""""","=""""",4.0,,Kindle Edition,196,,2011,2023/12/23,2023/06/25,investing,investing (#3),read,,,,1,0
122765395,Elon Musk,Walter Isaacson,"Isaacson, Walter",,"=""1982181281""","=""9781982181284""",5.0,Simon & Schuster,Hardcover,688,2023,2023,2023/12/10,2023/06/04,"business, power-and-powerful-people","business (#2), power-and-powerful-people (#1)",read,,,,1,0
2666,The Bonfire of the Vanities,Tom Wolfe,"Wolfe, Tom",,"=""""","=""""",0,Dial Press Trade Paperback,Paperback,690,2001,1987,2023/11/11,2023/02/23,,,read,,,,1,0
60018575,Discipline Is Destiny: The Power of Self-Control,Ryan Holiday,"Holiday, Ryan",,"=""0593191692""","=""9780593191699""",0,Portfolio,Hardcover,312,2022,2022,2023/11/11,2023/08/19,,,read,,,,1,0
6288,The Road,Cormac McCarthy,"McCarthy, Cormac",,"=""0307265439""","=""9780307265432""",0,Alfred A. Knopf,Hardcover,241,2006,2006,,2023/09/10,to-read,to-read (#2),to-read,,,,0,0
61153739,Outlive: The Science & Art of Longevity,Peter Attia,"Attia, Peter",Bill Gifford,"=""0593236599""","=""9780593236598""",5.0,Harmony,Hardcover,496,2023,2023,,2022/08/15,mindfulness-and-stoicism,mindfulness-and-stoicism (#2),read,,,,2,0
203409,Security Analysis: The Classic 1951 Edition,Benjamin Graham,"Graham, Benjamin",,"=""0071448209""","=""9780071448208""",0,McGraw Hill,Hardcover,784,2004,1934,,2023/06/25,"to-read, investing","to-read (#1), investing (#2)",to-read,,,,0,0
22318578,The Life-Changing Magic of Tidying Up: The Japanese Art of Decluttering and Organizing,Marie Kondō,"Kondō, Marie",,"=""1607747308""","=""9781607747307""",0,Ten Speed Press,Hardcover,224,2014,2010,,2023/05/07,,,read,,,,1,0
25018903,Managing Oneself (Harvard Business Review Classics),Peter F. Drucker,"Drucker, Peter F.",,"=""1633691012""","=""9781633691018""",4.0,Harvard Business Review Press,Kindle Edition,70,2008,1999,2023/03/11,2023/03/01,,,read,,,,1,0
48019,The Effective Executive: The Definitive Guide to Getting the Right Things Done (Harperbusiness Essentials),Peter F. Drucker,"Drucker, Peter F.",,"=""0060833459""","=""9780060833459""",4.0,Harper Business,Paperback,208,2006,1966,2023/03/10,2023/02/10,,,read,,,,1,0
53597683,Alternative Investments: Caia Level I,Donald R. Chambers,"Chambers, Donald R.","Mark J. P. Anson, Keith H. Black, Hossein B. Kazemi, CAIA Association","=""111960415X""","=""9781119604150""",3.0,Wiley,Kindle Edition,882,2020,2015,2022/11/26,2022/09/22,,,read,,,,1,0
6589212,The Island at the Center of the World,Russell Shorto,"Shorto, Russell",,"=""""","=""""",3.0,,Kindle Edition,416,,2004,2022/11/26,2022/08/29,,,read,,,,1,0
16121,"Titan: The Life of John D. Rockefeller, Sr.",Ron Chernow,"Chernow, Ron",,"=""1400077303""","=""9781400077304""",4.0,Vintage,Paperback,832,2004,1998,2022/08/31,2022/02/22,,,read,,,,1,0
45695810,A Gentleman in Moscow,Amor Towles,"Towles, Amor",,"=""""","=""""",3.0,Penguin Books,ebook,466,2016,2016,2022/07/08,2022/04/03,,,read,,,,1,0
36072,The 7 Habits of Highly Effective People: Powerful Lessons in Personal Change,Stephen R. Covey,"Covey, Stephen R.",Jim Collins,"=""0743269519""","=""9780743269513""",0,Free Press,Paperback,372,2004,1989,,2022/05/17,,,read,,,,1,0
38799469,Bad Blood: Secrets and Lies in a Silicon Valley Startup,John Carreyrou,"Carreyrou, John",,"=""""","=""""",5.0,Vintage,Kindle Edition,353,2018,2018,2022/04/10,2022/03/06,,,read,,,,1,0
18713156,Founders at Work: Stories of Startups' Early Days,Jessica Livingston,"Livingston, Jessica",,"=""""","=""""",4.0,Apress,Kindle Edition,457,2008,2001,2022/04/03,2022/02/01,,,read,,,,1,0
13589182,Mastery,Robert Greene,"Greene, Robert",,"=""0670024961""","=""9780670024964""",3.0,Viking,Hardcover,318,2012,2012,2022/04/03,2022/02/22,,,read,,,,1,0
7723797,Business Model Generation,Alexander Osterwalder,"Osterwalder, Alexander",Yves Pigneur,"=""2839906171""","=""9782839906173""",3.0,Alexander Osterwalder & Yves Pigneur,Paperback,273,2010,2010,2022/03/06,2022/02/01,,,read,,,,1,0
36548138,The 48 Laws of Power,Robert Greene,"Greene, Robert",,"=""""","=""""",4.0,Penguin Books,Kindle Edition,452,2000,1999,2022/03/01,2022/02/22,,,read,,,,1,0
38657386,Leadership: In Turbulent Times,Doris Kearns Goodwin,"Goodwin, Doris Kearns",,"=""""","=""""",4.0,Simon & Schuster,Hardcover,473,2018,2018,2022/03/01,2022/02/01,,,read,,,,1,0
39704675,Innovation and Entrepreneurship,Peter F. Drucker,"Drucker, Peter F.",,"=""""","=""""",4.0,HarperCollins e-books,Kindle Edition,288,2009,1985,2022/02/01,2021/12/19,,,read,,,,1,0
38712616,Capitalism in America: An Economic History of the United States,Alan Greenspan,"Greenspan, Alan",Adrian Wooldridge,"=""0735222452""","=""9780735222458""",3.0,Penguin Random House,Kindle Edition,496,2018,2018,2021/12/19,2020/09/07,,,read,,,,1,0
36315171,Business Adventures: Twelve Classic Tales from the World of Wall Street,John Brooks,"Brooks, John",,"=""""","=""""",3.0,Open Road Media,Kindle Edition,468,2014,1969,2021/12/19,2021/11/21,,,read,,,,1,0
54442229,Trust: America's Best Chance,Pete Buttigieg,"Buttigieg, Pete",,"=""1797119214""","=""9781797119212""",3.0,Simon & Schuster Audio,Audio CD,0,2020,2020,2021/11/04,2021/10/18,,,read,,,,1,0
49700700,"The Future of Finance: The Impact of FinTech, AI, and Crypto on Financial Services",Henri Arslanian,"Arslanian, Henri",Fabrice Fischer,"=""3030145336""","=""9783030145330""",2.0,Palgrave Macmillan,Kindle Edition,312,2019,,2021/10/18,2021/01/18,,,read,,,,1,0
8165005,The Declaration of Independence/The Constitution of the United States,Pauline Maier,"Maier, Pauline",,"=""""","=""""",5.0,,Kindle Edition,114,,1998,2021/09/03,2021/08/28,,,read,,,,1,0
26234976,Man's Search For Meaning,Viktor E. Frankl,"Frankl, Viktor E.","Harold S. Kushner, William J. Winslade","=""""","=""""",5.0,Beacon Press,Kindle Edition,202,2015,1946,2021/09/03,2020/09/05,,,read,,,,1,0
56893520,"The Bomber Mafia: A Dream, a Temptation, and the Longest Night of the Second World War",Malcolm Gladwell,"Gladwell, Malcolm",,"=""0316296937""","=""9780316296939""",4.0,"Little, Brown And Company",Kindle Edition,179,2021,2021,2021/08/31,2021/05/24,,,read,,,,1,0
285500,The Declaration of Independence / The Constitution of the United States,Founding Fathers,"Fathers, Founding",,"=""0553214829""","=""9780553214826""",0,Bantam Classics,Mass Market Paperback,112,1998,1776,,2020/09/15,,,read,,,,1,0
49532216,The Paris Hours,Alex George,"George, Alex",,"=""125030718X""","=""9781250307187""",3.0,Flatiron Books,Hardcover,272,2020,2020,2021/08/28,2021/03/14,,,read,,,,1,0
34374423,"Salt, Fat, Acid, Heat",Samin Nosrat,"Nosrat, Samin",Wendy MacNaughton,"=""1476753857""","=""9781476753850""",0,Simon & Schuster,Kindle Edition,480,2017,2017,2021/08/12,2021/02/09,,,read,,,,1,0
11923102,Good to Great: Why Some Companies Make the Leap...and Others Don't,Jim Collins,"Collins, Jim",,"=""""","=""""",5.0,HarperBusiness,Kindle Edition,324,2011,2001,2017/04/30,2016/08/17,,,read,,,,2,0
54388921,The Everything Store: Jeff Bezos and the Age of Amazon,Brad Stone,"Stone, Brad",,"=""""","=""""",4.0,"Little, Brown and Company",Kindle Edition,386,,2013,2021/07/18,2020/09/15,,,read,,,,1,0
36294636,Why We Sleep: Unlocking the Power of Sleep and Dreams,Matthew Walker,"Walker, Matthew",,"=""1501144332""","=""9781501144332""",3.0,Scribner,Kindle Edition,360,2017,2017,2021/03/28,2021/02/09,,,read,,,,1,0
55695419,Post Corona: From Crisis to Opportunity,Scott Galloway,"Galloway, Scott",,"=""0593332229""","=""9780593332221""",4.0,Portfolio,Kindle Edition,256,2020,2020,2021/05/22,2021/01/10,,,read,,,,1,0
35807243,The Choice: Embrace the Possible,Edith Eger,"Eger, Edith",,"=""1501130811""","=""9781501130816""",5.0,Scribner,Kindle Edition,321,2017,2017,2020/09/04,2020/08/20,,,read,,,,1,0
49436,Three Cups of Tea: One Man's Mission to Promote Peace ... One School at a Time,Greg Mortenson,"Mortenson, Greg",David Oliver Relin,"=""0143038257""","=""9780143038252""",0,Penguin ,Paperback,349,2007,2006,,2021/02/09,,,read,,,,1,0
45730424,"Dark Towers: Deutsche Bank, Donald Trump, and an Epic Trail of Destruction",David Enrich,"Enrich, David",,"=""0062878824""","=""9780062878823""",4.0,Custom House,ebook,432,2020,2020,2021/02/09,2020/09/07,,,read,,,,1,0
44343254,This America: The Case for the Nation,Jill Lepore,"Lepore, Jill",,"=""1631496425""","=""9781631496424""",4.0,Liveright,Kindle Edition,150,2019,2019,2021/01/07,2020/10/18,,,read,,,,1,0
32284263,"Black Edge: Inside Information, Dirty Money, and the Quest to Bring Down the Most Wanted Man on Wall Street",Sheelah Kolhatkar,"Kolhatkar, Sheelah",,"=""0812995805""","=""9780812995800""",4.0,Random House,Hardcover,295,2017,2017,2020/12/28,2020/09/07,,,read,,,,1,0
18652777,Disciplined Entrepreneurship: 24 Steps to a Successful Startup (Disciplined Entrepreneurship Series),Bill Aulet,"Aulet, Bill",,"=""""","=""""",5.0,Wiley,Kindle Edition,406,2013,2013,2020/11/20,2020/06/28,,,read,,,,1,0
1301,Moneyball,Michael   Lewis,"Lewis, Michael",,"=""0393324818""","=""9780393324815""",5.0,W. W. Norton & Company,Paperback,317,2004,2003,2020/11/20,2020/03/22,,,read,,,,1,0
84981,Tuck Everlasting,Natalie Babbitt,"Babbitt, Natalie",,"=""0374480095""","=""9780374480097""",0,"Farrar, Straus and Giroux (BYR)",Paperback,148,1985,1975,,2020/10/18,,,read,,,,1,0
33574273,"A Wrinkle in Time (Time Quintet, #1)",Madeleine L'Engle,"L'Engle, Madeleine",,"=""1250153271""","=""9781250153272""",0,Square Fish,Paperback,218,2017,1962,,2020/10/18,,,read,,,,1,0
24178,Charlotte’s Web,E.B. White,"White, E.B.","Garth Williams, Rosemary Wells","=""0064410935""","=""9780064410939""",0,HarperCollinsPublishers,Paperback,184,2001,1952,,2020/10/18,,,read,,,,1,0
168642,In Cold Blood,Truman Capote,"Capote, Truman",,"=""0679745580""","=""9780679745587""",0,Vintage,Paperback,343,1994,1966,,2020/09/15,,,read,,,,1,0
119322,"The Golden Compass (His Dark Materials, #1)",Philip Pullman,"Pullman, Philip",,"=""0679879242""","=""9780679879244""",0,RANDOM HOUSE TRADE,Hardcover,399,1996,1995,,2020/09/15,,,read,,,,1,0
35031085,Frankenstein: The 1818 Text,Mary Wollstonecraft Shelley,"Shelley, Mary Wollstonecraft",Charlotte  Gordon,"=""0143131842""","=""9780143131847""",0,Penguin Classics,Paperback,260,2018,1818,,2020/09/15,,,read,,,,1,0
24583,The Adventures of Tom Sawyer,Mark Twain,"Twain, Mark","Guy Cardwell, John Seelye, Mark Hallaq, Amanda Lee","=""""","=""9780143039563""",0,Penguin Classics,Paperback,244,2006,1876,,2020/09/15,,,read,,,,1,0
2956,"The Adventures of Huckleberry Finn (Adventures of Tom and Huck, #2)",Mark Twain,"Twain, Mark","Guy Cardwell, E.W. Kemble, John Seelye, Walter Trier, Tom Wilson, William Little Hughes","=""0142437174""","=""9780142437179""",0,Penguin Classics,Paperback,327,2002,1885,,2020/09/15,,,read,,,,1,0
890,Of Mice and Men,John Steinbeck,"Steinbeck, John",,"=""0142000671""","=""9780142000670""",0,Penguin Books,Paperback,107,2002,1937,,2020/09/15,,,read,,,,1,0
136251,"Harry Potter and the Deathly Hallows (Harry Potter, #7)",J.K. Rowling,"Rowling, J.K.",,"=""""","=""""",0,Arthur A. Levine Books,Hardcover,759,2007,2007,,2020/09/15,,,read,,,,1,0
61329,Crossing the Chasm: Marketing and Selling High-Tech Products to Mainstream Customers,Geoffrey A. Moore,"Moore, Geoffrey A.",Regis McKenna,"=""0060517123""","=""9780060517120""",0,HarperBusiness,Paperback,211,2006,2002,,2020/09/15,,,read,,,,1,0
40121378,Atomic Habits: An Easy & Proven Way to Build Good Habits & Break Bad Ones,James Clear,"Clear, James",,"=""""","=""""",0,Avery,Kindle Edition,319,2018,2018,,2020/09/15,,,read,,,,1,0
7624,Lord of the Flies,William Golding,"Golding, William",,"=""0140283331""","=""9780140283334""",0,Penguin Books ,Paperback,182,1999,1954,,2020/09/07,,,read,,,,1,0
226226,"Leading with the Heart: Coach K's Successful Strategies for Basketball, Business, and Life",Mike Krzyzewski,"Krzyzewski, Mike","Donald T. Phillips, Grant Hill","=""0446676780""","=""9780446676786""",3.0,Warner Business Books,Paperback,291,2001,2000,,2020/09/07,,,read,,,,1,0
170448,Animal Farm,George Orwell,"Orwell, George","Russell Baker, C.M. Woodhouse","=""0451526341""","=""9780451526342""",0,Signet Classics,Mass Market Paperback,141,1996,1945,,2020/09/07,,,read,,,,1,0
40268935,Barbarians at the Gate: The Fall of RJR Nabisco,Bryan Burrough,"Burrough, Bryan",,"=""""","=""""",4.0,HarperCollins e-books; Reprint edition,Kindle Edition,592,2009,1989,2020/08/20,2020/03/22,,,read,,,,1,0
19417714,Blue Blood & Mutiny: The Fight for the Soul of Morgan Stanley,Patricia Beard,"Beard, Patricia",,"=""""","=""""",4.0,HarperCollins e-books,Kindle Edition,450,2009,1975,2020/05/21,2020/04/28,,,read,,,,1,0
6396997,The Old Man and the Sea,Ernest Hemingway,"Hemingway, Ernest",,"=""""","=""""",4.0,Scribner ,Kindle Edition,128,2004,1952,2020/05/21,2020/05/11,,,read,,,,1,0
20873740,Sapiens: A Brief History of Humankind,Yuval Noah Harari,"Harari, Yuval Noah",,"=""0062316109""","=""9780062316103""",0,Harper,Kindle Edition,414,2015,2011,2020/04/27,2019/07/20,,,read,,,,1,0
35608147,The Art of War,Sun Tzu,"Tzu, Sun",Lionel Giles,"=""1542097525""","=""9781542097529""",0,AmazonClassics,Kindle Edition,268,2017,-500,2020/03/22,2020/03/01,,,read,,,,1,0
30971630,"Peak: Unleashing Your Inner Champion Through Revolutionary Methods for Skill Acquisition and Performance Enhancement in Work, Sports, and Life",K. Anders Ericsson,"Ericsson, K. Anders",Robert Pool,"=""0544947223""","=""9780544947221""",4.0,HarperOne,Paperback,336,2017,2016,2020/03/22,2020/01/23,,,read,,,,1,0
16131,The House of Morgan: An American Banking Dynasty and the Rise of Modern Finance,Ron Chernow,"Chernow, Ron",,"=""0802138292""","=""9780802138293""",5.0,Grove Press,Paperback,812,2001,1990,,2018/12/18,,,read,,,,1,0
12176421,How to Win Friends and Influence People in the Digital Age (Dale Carnegie Books),Dale Carnegie,"Carnegie, Dale",,"=""1451629168""","=""9781451629163""",0,Simon & Schuster,Kindle Edition,251,2011,2011,2019/08/17,2019/08/06,,,read,,,,1,0
26156469,Never Split the Difference: Negotiating As If Your Life Depended On It,Chris Voss,"Voss, Chris",Tahl Raz,"=""0062407805""","=""9780062407801""",5.0,Harper Business,Hardcover,274,2016,2016,2019/08/06,2019/05/31,,,read,,,,1,0
21,A Short History of Nearly Everything,Bill Bryson,"Bryson, Bill",,"=""076790818X""","=""9780767908184""",0,Crown,Paperback,544,2004,2003,,2019/07/20,,,read,,,,0,0
42754169,Reboot: Leadership and the Art of Growing Up,Jerry  Colonna,"Colonna, Jerry",,"=""0062749501""","=""9780062749505""",0,Harper Business,Kindle Edition,293,2019,2019,2019/07/15,2019/07/13,,,read,,,,1,0
18050143,"Zero to One: Notes on Startups, or How to Build the Future",Peter Thiel,"Thiel, Peter",Blake  Masters,"=""0804139296""","=""9780804139298""",5.0,Crown Currency,Hardcover,195,2014,2014,,2019/06/25,,,read,,,,1,0
683539,Why We Do What We Do: Understanding Self-Motivation,Edward L. Deci,"Deci, Edward L.",Richard Flaste,"=""0140255265""","=""9780140255263""",0,Penguin Books,Paperback,240,1996,1995,2019/06/25,2019/05/30,,,read,,,,1,0
10669,When Genius Failed: The Rise and Fall of Long-Term Capital Management,Roger Lowenstein,"Lowenstein, Roger",,"=""0375758259""","=""9780375758256""",5.0,Random House Trade Paperbacks,Paperback,264,2001,2000,2019/05/29,2018/12/18,,,read,,,,1,0
22609522,"Red Notice: A True Story of High Finance, Murder, and One Man's Fight for Justice",Bill Browder,"Browder, Bill",,"=""147675571X""","=""9781476755717""",0,Simon & Schuster,Hardcover,380,2015,2015,2019/05/21,2018/09/03,,,read,,,,1,0
905,The Inner Game of Tennis: The Classic Guide to the Mental Side of Peak Performance,W. Timothy Gallwey,"Gallwey, W. Timothy","Pete Carroll, Zach Kleiman","=""0679778314""","=""9780679778318""",5.0,Random House Trade Paperbacks,Paperback,134,1997,1974,2019/05/21,2019/01/27,,,read,,,,1,0
2122,The Fountainhead,Ayn Rand,"Rand, Ayn",Leonard Peikoff,"=""""","=""""",0,Signet Book,Mass Market Paperback,704,1996,1943,2019/01/27,2018/07/20,,,read,,,,1,0
6455493,"Investment Banking: Valuation, Leveraged Buyouts, and Mergers and Acquisitions",Joshua Rosenbaum,"Rosenbaum, Joshua","Joshua Pearl, Joseph R. Perella","=""0470442204""","=""9780470442203""",0,WILEY,Hardcover,336,2008,2009,2018/10/16,2018/06/24,,,read,,,,1,0
34890015,Factfulness: Ten Reasons We're Wrong About the World – and Why Things Are Better Than You Think,Hans Rosling,"Rosling, Hans","Ola Rosling, Anna Rosling Rönnlund","=""1473637465""","=""9781473637467""",5.0,Sceptre,Hardcover,342,2018,2018,2018/05/08,2018/04/29,,,read,,,,1,0
32929,Goodnight Moon,Margaret Wise Brown,"Brown, Margaret Wise",Clement Hurd,"=""0060775858""","=""9780060775858""",1.0,HarperCollins,Hardcover,32,2005,1947,,2018/05/03,,,read,,,,1,0
52036,Siddhartha,Hermann Hesse,"Hesse, Hermann",Hilda Rosner,"=""""","=""""",0,Bantam Books,Mass Market Paperback,152,1981,1922,,2018/05/03,,,read,,,,1,0
41865,"Twilight (The Twilight Saga, #1)",Stephenie Meyer,"Meyer, Stephenie",,"=""0316015849""","=""9780316015844""",3.0,"Little, Brown and Company",Paperback,498,2006,2005,,2018/05/03,,,read,,,,1,0
18373,Flowers for Algernon,Daniel Keyes,"Keyes, Daniel",,"=""015603008X""","=""9780156030083""",2.0,Harvest Books,Paperback,311,2004,1966,,2018/05/03,,,read,,,,2,0
191139,"Oh, the Places You’ll Go!",Dr. Seuss,"Seuss, Dr.",,"=""0679805273""","=""9780679805274""",4.0,Random House Books for Young Readers,Hardcover,44,1990,1990,,2018/05/03,,,read,,,,1,0
19543,Where the Wild Things Are,Maurice Sendak,"Sendak, Maurice",,"=""0099408392""","=""9780099408390""",4.0,Red Fox,Paperback,38,2000,1963,,2018/05/03,,,read,,,,1,0
1381,The Odyssey,Homer,"Homer, Homer","Robert Fagles, Bernard Knox","=""0143039954""","=""9780143039952""",4.0,Penguin Classics ,Paperback,541,2006,-750,,2018/05/03,,,read,,,,1,0
233093,"The Cat in the Hat (Cat in the Hat, #1)",Dr. Seuss,"Seuss, Dr.",,"=""039480001X""","=""9780394800011""",5.0,Random House Books for Young Readers,Hardcover,61,1985,1957,,2018/05/03,,,read,,,,1,0
24213,Alice’s Adventures in Wonderland / Through the Looking-Glass,Lewis Carroll,"Carroll, Lewis","Martin Gardner, John Tenniel","=""""","=""""",3.0,Penguin Group (USA),Paperback,239,2000,1871,,2018/05/03,,,read,,,,1,0
23772,Green Eggs and Ham,Dr. Seuss,"Seuss, Dr.",,"=""0394800168""","=""9780394800165""",5.0,Random House Books for Young Readers,Hardcover,64,1988,1960,,2018/05/03,,,read,,,,1,0
106835,The Intelligent Investor,Benjamin Graham,"Graham, Benjamin","Jason Zweig, Warren Buffett","=""0060555661""","=""9780060555665""",4.0,Harper Business,Paperback,623,2006,1949,2018/04/30,2017/07/10,,,read,,,,1,0
10127019,The Lean Startup,Eric Ries,"Ries, Eric",,"=""0307887898""","=""9780307887894""",4.0,Best Business,Hardcover,299,2011,2011,2018/04/30,2018/03/29,,,read,,,,1,0
8664353,"Unbroken: A World War II Story of Survival, Resilience and Redemption",Laura Hillenbrand,"Hillenbrand, Laura",,"=""1400064163""","=""9781400064168""",5.0,Random House,Hardcover,475,2010,2010,,2018/03/28,,,read,,,,1,0
19776547,Essentialism: The Disciplined Pursuit of Less,Greg McKeown,"McKeown, Greg",,"=""0804137390""","=""9780804137393""",4.0,Crown Currency,Kindle Edition,290,2014,2011,2018/03/16,2017/11/17,,,read,,,,1,0
6906652,The Anatomy of Corporate Law: A Comparative and Functional Approach,Reinier H. Kraakman,"Kraakman, Reinier H.","John Armour, Paul Davies, Luca Enriques, Henry B. Hansmann, Gérard Hertig, Klaus J. Hopt, Hideki Kanda, Edward B. Rock","=""0199565848""","=""9780199565849""",4.0,Oxford University Press,Paperback,352,2009,2004,2018/02/09,2018/01/30,,,read,,,,1,0
15801967,Contagious: Why Things Catch On,Jonah Berger,"Berger, Jonah",,"=""1451686579""","=""9781451686579""",4.0,Simon & Schuster,Hardcover,210,2013,2013,2018/02/01,2017/12/31,,,read,,,,1,0
8696865,How To Win Friends and Influence People,Dale Carnegie,"Carnegie, Dale",,"=""""","=""""",5.0,Simon & Schuster,Kindle Edition,291,2010,1936,2016/12/17,2016/11/23,,,read,,,,2,0
25541028,"Elon Musk: Tesla, SpaceX, and the Quest for a Fantastic Future",Ashlee Vance,"Vance, Ashlee",,"=""0062301233""","=""9780062301239""",5.0,Ecco,Hardcover,392,2015,2015,,2016/05/18,,,read,,,,1,0
40024,"The Alienist (Dr. Laszlo Kreizler, #1)",Caleb Carr,"Carr, Caleb",,"=""0812976142""","=""9780812976144""",5.0,Random House,Paperback,498,2006,1994,2018/01/01,2017/12/31,,,read,,,,1,0
18809251,Survival in Auschwitz,Primo Levi,"Levi, Primo",,"=""""","=""""",3.0,,Kindle Edition,172,2013,1947,2017/12/01,2017/11/09,,,read,,,,1,0
17288649,Creative Confidence: Unleashing the Creative Potential Within Us All,Tom Kelley,"Kelley, Tom",David Kelley,"=""038534936X""","=""9780385349369""",5.0,Crown Currency,Hardcover,288,2013,2013,,2016/05/19,,,read,,,,2,0
25983574,Smart Choices: A Practical Guide to Making Better Decisions,John S. Hammond,"Hammond, John S.","Ralph L. Keeney, Howard Raiffa","=""1633691055""","=""9781633691056""",3.0,Harvard Business Review Press,Kindle Edition,256,2015,1998,2017/04/30,2017/01/27,,,read,,,,1,0
11084145,Steve Jobs,Walter Isaacson,"Isaacson, Walter",,"=""1451648537""","=""9781451648539""",5.0,Simon & Schuster,Hardcover,630,2011,2011,2016/12/17,2016/05/21,,,read,,,,1,0
19163185,My Early Life: 1874-1904,Winston S. Churchill,"Churchill, Winston S.",William Manchester,"=""""","=""""",3.0,Scribner,Kindle Edition,315,2010,1930,2016/12/17,2016/06/29,,,read,,,,1,0
5129,Brave New World,Aldous Huxley,"Huxley, Aldous",,"=""0060929871""","=""9780060929879""",2.0,HarperPerennial / Perennial Classics,Paperback,288,1998,1932,,2016/07/30,,,read,,,,1,0
16181775,"The Rosie Project (Don Tillman, #1)",Graeme Simsion,"Simsion, Graeme",,"=""1476729085""","=""9781476729084""",5.0,Simon & Schuster,Hardcover,292,2013,2013,2016/07/08,2016/05/21,,,read,,,,1,0
6547576,Just Listen: Discover the Secret to Getting Through to Absolutely Anyone,Mark Goulston,"Goulston, Mark",Keith Ferrazzi,"=""0814414036""","=""9780814414033""",4.0,AMACOM,Hardcover,234,2009,2009,2016/07/05,2016/06/15,,,read,,,,1,0
746936,Margin of Safety: Risk-Averse Value Investing Strategies for the Thoughtful Investor,Seth A. Klarman,"Klarman, Seth A.",,"=""0887305105""","=""9780887305108""",4.0,HarperCollins,Hardcover,248,1991,1991,2016/07/05,2016/05/19,,,read,,,,1,0
25489625,Between the World and Me,Ta-Nehisi Coates,"Coates, Ta-Nehisi",,"=""""","=""""",5.0,Spiegel & Grau,Hardcover,152,2015,2015,2016/06/15,2016/05/19,,,read,,,,1,0
206260,The McKinsey Way,Ethan M. Rasiel,"Rasiel, Ethan M.",,"=""0070534489""","=""9780070534483""",3.0,McGraw-Hill,Paperback,187,1999,1999,2016/06/15,2016/06/08,,,read,,,,1,0
13622134,Bitter Brew: The Rise and Fall of Anheuser-Busch and America's Kings of Beer,William Knoedelseder,"Knoedelseder, William",,"=""0062009265""","=""9780062009265""",4.0,Harper Business,Kindle Edition,416,2012,2012,,2016/06/06,,,read,,,,1,0
5771014,"The Talent Code: Unlocking the Secret of Skill in Sports, Art, Music, Math, and Just About Everything Else",Daniel Coyle,"Coyle, Daniel",John Farrell,"=""1598878735""","=""9781598878738""",4.0,HighBridge Company,Audio CD,288,2009,2009,2016/05/31,2016/05/18,,,read,,,,1,0
5148,A Separate Peace,John Knowles,"Knowles, John",David Levithan,"=""""","=""""",3.0,Scribner,Paperback,208,2003,1959,,2016/05/30,,,read,,,,1,0
5470,1984,George Orwell,"Orwell, George",,"=""""","=""""",4.0,New American Library,Mass Market Paperback,328,1950,1949,,2016/05/30,,,read,,,,1,0
10975,The Sound and the Fury,William Faulkner,"Faulkner, William",,"=""""","=""""",3.0,Vintage International,Paperback,366,1990,1929,,2016/05/30,,,read,,,,1,0
5107,The Catcher in the Rye,J.D. Salinger,"Salinger, J.D.",,"=""0316769177""","=""9780316769174""",4.0,Back Bay Books,Paperback,277,2001,1951,,2016/05/30,,,read,,,,1,0
119216,My Losing Season: A Memoir,Pat Conroy,"Conroy, Pat",,"=""0553381903""","=""9780553381900""",4.0,Bantam Books,Paperback,402,2003,2002,,2016/05/30,,,read,,,,1,0
1821571,Snakehead (Alex Rider #7),Anthony Horowitz,"Horowitz, Anthony",,"=""1406309354""","=""9781406309355""",5.0,Walker Books,Hardcover,416,2007,2007,,2016/05/19,,,read,,,,1,0
94319,Ark Angel (Alex Rider #6),Anthony Horowitz,"Horowitz, Anthony",,"=""0142407380""","=""9780142407387""",5.0,Speak,Paperback,352,2007,2005,,2016/05/19,,,read,,,,1,0
542414,Scorpia (Alex Rider #5),Anthony Horowitz,"Horowitz, Anthony",,"=""0142405787""","=""9780142405789""",5.0,Puffin Books,Paperback,388,2006,2004,,2016/05/19,,,read,,,,1,0
175004,"Eagle Strike (Alex Rider, #4)",Anthony Horowitz,"Horowitz, Anthony",,"=""0142406139""","=""9780142406137""",5.0,Speak,Paperback,352,2006,2003,,2016/05/19,,,read,,,,1,0
103983,Skeleton Key (Alex Rider #3),Anthony Horowitz,"Horowitz, Anthony",,"=""0142406147""","=""9780142406144""",5.0,Philomel Books,Paperback,327,2006,2002,,2016/05/19,,,read,,,,1,0
224500,Point Blank (Alex Rider #2),Anthony Horowitz,"Horowitz, Anthony",,"=""0142406120""","=""9780142406120""",5.0,Penguin Puffin,Paperback,274,2001,2001,,2016/05/19,,,read,,,,1,0
136782,Stormbreaker (Alex Rider #1),Anthony Horowitz,"Horowitz, Anthony",,"=""014240165X""","=""9780142401651""",5.0,Penguin Books,Paperback,256,2004,2000,,2016/05/19,,,read,,,,1,0
168668,Catch-22,Joseph Heller,"Heller, Joseph",,"=""0684833395""","=""9780684833392""",1.0,Simon & Schuster ,Paperback,453,2004,1961,,2016/05/19,,,read,,,,1,0
133518,The Things They Carried,Tim O'Brien,"O'Brien, Tim",,"=""0767902890""","=""9780767902892""",3.0,Broadway,Paperback,246,1998,1990,,2016/05/19,,,read,,,,1,0
2,"Harry Potter and the Order of the Phoenix (Harry Potter, #5)",J.K. Rowling,"Rowling, J.K.",Mary GrandPré,"=""0439686520""","=""9780439686525""",5.0,Scholastic Inc.,Paperback,576,2004,2003,,2016/05/19,,,read,,,,1,0
1,"Harry Potter and the Half-Blood Prince (Harry Potter, #6)",J.K. Rowling,"Rowling, J.K.",,"=""""","=""""",5.0,Scholastic Inc,Paperback,652,2006,2005,,2016/05/19,,,read,,,,1,0
6,"Harry Potter and the Goblet of Fire (Harry Potter, #4)",J.K. Rowling,"Rowling, J.K.",Mary GrandPré,"=""0439139597""","=""9780439139595""",5.0,Scholastic,Paperback,734,2002,2000,,2016/05/19,,,read,,,,1,0
5,"Harry Potter and the Prisoner of Azkaban (Harry Potter, #3)",J.K. Rowling,"Rowling, J.K.",Mary GrandPré,"=""043965548X""","=""9780439655484""",5.0,Scholastic Inc.,Mass Market Paperback,547,2004,1999,,2016/05/19,,,read,,,,1,0
15881,"Harry Potter and the Chamber of Secrets (Harry Potter, #2)",J.K. Rowling,"Rowling, J.K.",Mary GrandPré,"=""""","=""""",5.0,Arthur A. Levine Books,Hardcover,341,1999,1998,,2016/05/19,,,read,,,,1,0
3,"Harry Potter and the Sorcerer's Stone (Harry Potter, #1)",J.K. Rowling,"Rowling, J.K.",,"=""0439554934""","=""9780439554930""",5.0,Scholastic Inc,Hardcover,309,2003,1997,,2016/05/19,,,read,,,,1,0
345460,Samurai Shortstop,Alan Gratz,"Gratz, Alan",,"=""0803730756""","=""9780803730755""",5.0,Dial,Hardcover,288,2006,2006,,2016/05/19,,,read,,,,1,0
13006,Julius Caesar,William Shakespeare,"Shakespeare, William","Harold Bloom, Roma Gill, William Allan Neilson","=""0198320272""","=""9780198320272""",3.0,Oxford University Press,Paperback,175,2002,1599,,2016/05/19,,,read,,,,1,0
2696,The Canterbury Tales,Geoffrey Chaucer,"Chaucer, Geoffrey",Nevill Coghill,"=""0140424385""","=""9780140424386""",1.0,Penguin Books,Paperback,504,2003,1400,,2016/05/19,,,read,,,,1,0
10799,A Farewell to Arms,Ernest Hemingway,"Hemingway, Ernest",,"=""0099910101""","=""9780099910107""",3.0,Arrow Books,Paperback,304,2004,1929,,2016/05/19,,,read,,,,1,0
4900,Heart of Darkness,Joseph Conrad,"Conrad, Joseph",,"=""1892295490""","=""9781892295491""",2.0,Green Integer Books,Paperback,188,2003,1899,,2016/05/19,,,read,,,,1,0
6289283,"Born to Run: A Hidden Tribe, Superathletes, and the Greatest Race the World Has Never Seen",Christopher McDougall,"McDougall, Christopher",,"=""""","=""""",5.0,Knopf,Hardcover,287,2009,2009,,2016/05/19,,,read,,,,1,0
7604,Lolita,Vladimir Nabokov,"Nabokov, Vladimir",Craig Raine,"=""""","=""""",3.0,Penguin,Paperback,368,1995,1955,,2016/05/19,,,read,,,,1,0
1898,Into Thin Air: A Personal Account of the Mt. Everest Disaster,Jon Krakauer,"Krakauer, Jon",,"=""""","=""""",5.0,Anchor Books,Paperback,368,1999,1997,,2016/05/18,,,read,,,,1,0
1845,Into the Wild,Jon Krakauer,"Krakauer, Jon",,"=""0385486804""","=""9780385486804""",4.0,Anchor Books,Paperback,207,1997,1996,,2016/05/18,,,read,,,,1,0
12898,Death of a Salesman,Arthur Miller,"Miller, Arthur",,"=""0435233076""","=""9780435233075""",3.0,Heinemann ed,Hardcover,144,1994,1949,,2016/05/18,,,read,,,,1,0
8852,Macbeth,William Shakespeare,"Shakespeare, William","Folger Shakespeare Library, Barbara A. Mowat, Paul Werstine","=""0743477103""","=""9780743477109""",2.0,Simon & Schuster,Mass Market Paperback,249,2013,1623,,2016/05/18,,,read,,,,1,0
1420,Hamlet,William Shakespeare,"Shakespeare, William","Harold Bloom, Rex Gibson, Israel Gollancz, Henry Norman Hudson, L.A. Sherman, Max J. Herzberg","=""0521618746""","=""9780521618748""",3.0,Cambridge University Press,Paperback,289,2005,1601,,2016/05/18,,,read,,,,1,0
18135,Romeo and Juliet,William Shakespeare,"Shakespeare, William",,"=""0743477111""","=""9780743477116""",2.0,Washington Square Press,Mass Market Paperback,281,2002,1590,,2016/05/18,,,read,,,,1,0
2657,To Kill a Mockingbird,Harper Lee,"Lee, Harper",,"=""0060935464""","=""9780060935467""",5.0,Harper Perennial Modern Classics ,Paperback,323,2006,1960,,2016/05/18,,,read,,,,1,0
92517,The Glass Menagerie,Tennessee Williams,"Williams, Tennessee",Robert Bray,"=""0811214044""","=""9780811214049""",4.0,New Directions,Paperback,104,1999,1945,,2016/05/18,,,read,,,,1,0
12220,A Streetcar Named Desire,Tennessee Williams,"Williams, Tennessee",,"=""0822210894""","=""9780822210894""",2.0,Concord Theatricals,Paperback,107,1998,1947,,2016/05/18,,,read,,,,1,0
15751404,"David and Goliath: Underdogs, Misfits, and the Art of Battling Giants",Malcolm Gladwell,"Gladwell, Malcolm",,"=""0316204366""","=""9780316204361""",4.0,"Little, Brown and Company",Hardcover,305,2013,2013,,2016/05/18,,,read,,,,1,0
4855030,Beyond Belief: Finding the Strength to Come Back,Josh Hamilton,"Hamilton, Josh",Tim Keown,"=""1599951614""","=""9781599951614""",5.0,FaithWords,Hardcover,272,2008,2008,,2016/05/18,,,read,,,,1,0
88815,The Reluctant Fundamentalist,Mohsin Hamid,"Hamid, Mohsin",,"=""0151013047""","=""9780151013043""",3.0,Harcourt,Hardcover,184,2007,2007,,2016/05/18,,,read,,,,1,0
7981456,A Long Walk to Water,Linda Sue Park,"Park, Linda Sue",,"=""0547251270""","=""9780547251271""",4.0,Clarion Books,Hardcover,128,2010,2010,,2016/05/18,,,read,,,,1,0
226225,Beyond Basketball: Coach K's Keywords for Success,Mike Krzyzewski,"Krzyzewski, Mike",Jamie K. Spatola,"=""044658049X""","=""9780446580496""",4.0,Business Plus,Hardcover,192,2006,2006,,2016/05/18,,,read,,,,1,0
16981,Invisible Man,Ralph Ellison,"Ellison, Ralph",,"=""""","=""""",2.0,Vintage,Paperback,581,1995,1952,,2016/05/18,,,read,,,,1,0
12296,The Scarlet Letter,Nathaniel Hawthorne,"Hawthorne, Nathaniel","Nina Baym, Thomas E. Connolly","=""0142437263""","=""9780142437261""",1.0,Penguin Books,Paperback,279,2002,1850,,2016/05/18,,,read,,,,1,0
20665987,Waking Up White: And Finding Myself in the Story of Race,Debby Irving,"Irving, Debby",,"=""0991331311""","=""9780991331314""",4.0,Elephant Room Press,ebook,288,2014,2014,,2016/05/18,,,read,,,,1,0
145565,The Essays of Warren Buffett : Lessons for Corporate America,Warren Buffett,"Buffett, Warren",Lawrence A. Cunningham,"=""0966446119""","=""9780966446111""",4.0,The Cunningham Group,Paperback,256,2001,1998,,2016/05/18,,,read,,,,1,0
428722,Southland,Nina Revoyr,"Revoyr, Nina",,"=""1888451416""","=""9781888451412""",4.0,"Akashic Books, Ltd.",Paperback,350,2003,2001,2016/03/25,2016/05/18,,,read,,,,1,0
4671,The Great Gatsby,F. Scott Fitzgerald,"Fitzgerald, F. Scott",,"=""0743273567""","=""9780743273565""",5.0,Scribner,Paperback,180,2025,1925,,2016/05/18,,,read,,,,1,0
22571891,All the Way,Robert Schenkkan,"Schenkkan, Robert",Bryan Cranston,"=""0802123449""","=""9780802123442""",5.0,Grove Press,Paperback,192,2014,2012,,2016/05/18,,,read,,,,1,0
40745,Mindset: The New Psychology of Success,Carol S. Dweck,"Dweck, Carol S.",,"=""""","=""""",5.0,Random House,Hardcover,276,2006,2006,,2016/05/18,,,read,,,,1,0
